order_id,customer_id,employee_id,order_date,required_date,shipped_date,ship_via,freight,ship_name,ship_address,ship_city,ship_region,ship_postal_code,ship_country,product_id,unit_price,quantity,discount,_sdc_extracted_at,_sdc_received_at,_sdc_batched_at,_sdc_deleted_at,_sdc_sequence,_sdc_table_version,_sdc_sync_started_at
11072,ERNSH,4,1998-05-05,1998-06-02,"",2,258.64,Ernst Handel,Kirchgasse 6,Graz,"",8010,Austria,64,33.25,130,0.0,2025-02-04 06:32:57.112145,2025-02-04 06:32:57.866571,2025-02-04 06:32:57.090344,,1738650777867,,1738650776894
11051,LAMAI,7,1998-04-27,1998-05-25,"",3,2.79,La maison d'Asie,1 rue Alsace-Lorraine,Toulouse,"",31000,France,24,4.5,10,0.2,2025-02-04 06:32:57.104761,2025-02-04 06:32:57.848206,2025-02-04 06:32:57.090344,,1738650777848,,1738650776894
10808,OLDWO,2,1998-01-01,1998-01-29,1998-01-09,3,45.53,Old World Delicatessen,2743 Bering St.,Anchorage,AK,99508,USA,76,18.0,50,0.15,2025-02-04 06:32:57.011419,2025-02-04 06:32:57.64276,2025-02-04 06:32:57.090344,,1738650777643,,1738650776894
10809,WELLI,7,1998-01-01,1998-01-29,1998-01-07,1,4.87,Wellington Importadora,"Rua do Mercado, 12",Resende,SP,08737-363,Brazil,52,7.0,20,0.0,2025-02-04 06:32:57.01155,2025-02-04 06:32:57.643082,2025-02-04 06:32:57.090344,,1738650777643,,1738650776894
10810,LAUGB,2,1998-01-01,1998-01-29,1998-01-07,3,4.33,Laughing Bacchus Wine Cellars,2319 Elm St.,Vancouver,BC,V3F 2K1,Canada,70,15.0,5,0.0,2025-02-04 06:32:57.01196,2025-02-04 06:32:57.644049,2025-02-04 06:32:57.090344,,1738650777644,,1738650776894
10811,LINOD,8,1998-01-02,1998-01-30,1998-01-08,1,31.22,LINO-Delicateses,Ave. 5 de Mayo Porlamar,I. de Margarita,Nueva Esparta,4980,Venezuela,40,18.4,30,0.0,2025-02-04 06:32:57.012392,2025-02-04 06:32:57.645094,2025-02-04 06:32:57.090344,,1738650777645,,1738650776894
10812,REGGC,5,1998-01-02,1998-01-30,1998-01-12,1,59.78,Reggiani Caseifici,Strada Provinciale 124,Reggio Emilia,"",42100,Italy,77,13.0,20,0.0,2025-02-04 06:32:57.012815,2025-02-04 06:32:57.646096,2025-02-04 06:32:57.090344,,1738650777646,,1738650776894
10813,RICAR,1,1998-01-05,1998-02-02,1998-01-09,1,47.38,Ricardo Adocicados,"Av. Copacabana, 267",Rio de Janeiro,RJ,02389-890,Brazil,46,12.0,35,0.0,2025-02-04 06:32:57.013092,2025-02-04 06:32:57.6468,2025-02-04 06:32:57.090344,,1738650777647,,1738650776894
10814,VICTE,3,1998-01-05,1998-02-02,1998-01-14,3,130.94,Victuailles en stock,"2, rue du Commerce",Lyon,"",69004,France,61,28.5,30,0.15,2025-02-04 06:32:57.013615,2025-02-04 06:32:57.648152,2025-02-04 06:32:57.090344,,1738650777648,,1738650776894
10815,SAVEA,2,1998-01-05,1998-02-02,1998-01-14,3,14.62,Save-a-lot Markets,187 Suffolk Ln.,Boise,ID,83720,USA,33,2.5,16,0.0,2025-02-04 06:32:57.013745,2025-02-04 06:32:57.648472,2025-02-04 06:32:57.090344,,1738650777648,,1738650776894
10816,GREAL,4,1998-01-06,1998-02-03,1998-02-04,2,719.78,Great Lakes Food Market,2732 Baker Blvd.,Eugene,OR,97403,USA,62,49.3,20,0.05,2025-02-04 06:32:57.014075,2025-02-04 06:32:57.649163,2025-02-04 06:32:57.090344,,1738650777649,,1738650776894
10817,KOENE,3,1998-01-06,1998-01-20,1998-01-13,2,306.07,Königlich Essen,Maubelstr. 90,Brandenburg,"",14776,Germany,62,49.3,25,0.15,2025-02-04 06:32:57.014629,2025-02-04 06:32:57.65055,2025-02-04 06:32:57.090344,,1738650777651,,1738650776894
10818,MAGAA,7,1998-01-07,1998-02-04,1998-01-12,3,65.48,Magazzini Alimentari Riuniti,Via Ludovico il Moro 22,Bergamo,"",24100,Italy,41,9.65,20,0.0,2025-02-04 06:32:57.014912,2025-02-04 06:32:57.65126,2025-02-04 06:32:57.090344,,1738650777651,,1738650776894
10819,CACTU,2,1998-01-07,1998-02-04,1998-01-16,3,19.76,Cactus Comidas para llevar,Cerrito 333,Buenos Aires,"",1010,Argentina,75,7.75,20,0.0,2025-02-04 06:32:57.015176,2025-02-04 06:32:57.651917,2025-02-04 06:32:57.090344,,1738650777652,,1738650776894
10820,RATTC,3,1998-01-07,1998-02-04,1998-01-13,2,37.52,Rattlesnake Canyon Grocery,2817 Milton Dr.,Albuquerque,NM,87110,USA,56,38.0,30,0.0,2025-02-04 06:32:57.015307,2025-02-04 06:32:57.652237,2025-02-04 06:32:57.090344,,1738650777652,,1738650776894
10821,SPLIR,1,1998-01-08,1998-02-05,1998-01-15,1,36.68,Split Rail Beer & Ale,P.O. Box 555,Lander,WY,82520,USA,51,53.0,6,0.0,2025-02-04 06:32:57.015578,2025-02-04 06:32:57.652895,2025-02-04 06:32:57.090344,,1738650777653,,1738650776894
10822,TRAIH,6,1998-01-08,1998-02-05,1998-01-16,3,7.0,Trail's Head Gourmet Provisioners,722 DaVinci Blvd.,Kirkland,WA,98034,USA,70,15.0,6,0.0,2025-02-04 06:32:57.015877,2025-02-04 06:32:57.653558,2025-02-04 06:32:57.090344,,1738650777654,,1738650776894
10823,LILAS,5,1998-01-09,1998-02-06,1998-01-13,2,163.97,LILA-Supermercado,Carrera 52 con Ave. Bolívar #65-98 Llano Largo,Barquisimeto,Lara,3508,Venezuela,77,13.0,15,0.1,2025-02-04 06:32:57.016407,2025-02-04 06:32:57.655003,2025-02-04 06:32:57.090344,,1738650777655,,1738650776894
10824,FOLKO,8,1998-01-09,1998-02-06,1998-01-30,1,1.23,Folk och fä HB,Åkergatan 24,Bräcke,"",S-844 67,Sweden,70,15.0,9,0.0,2025-02-04 06:32:57.016684,2025-02-04 06:32:57.655747,2025-02-04 06:32:57.090344,,1738650777656,,1738650776894
10825,DRACD,1,1998-01-09,1998-02-06,1998-01-14,1,79.25,Drachenblut Delikatessen,Walserweg 21,Aachen,"",52066,Germany,53,32.8,20,0.0,2025-02-04 06:32:57.01696,2025-02-04 06:32:57.656466,2025-02-04 06:32:57.090344,,1738650777656,,1738650776894
10826,BLONP,6,1998-01-12,1998-02-09,1998-02-06,1,7.09,Blondel père et fils,"24, place Kléber",Strasbourg,"",67000,France,57,19.5,15,0.0,2025-02-04 06:32:57.017224,2025-02-04 06:32:57.657111,2025-02-04 06:32:57.090344,,1738650777657,,1738650776894
10827,BONAP,1,1998-01-12,1998-01-26,1998-02-06,2,63.54,Bon app',"12, rue des Bouchers",Marseille,"",13008,France,39,18.0,21,0.0,2025-02-04 06:32:57.017488,2025-02-04 06:32:57.657798,2025-02-04 06:32:57.090344,,1738650777658,,1738650776894
10828,RANCH,9,1998-01-13,1998-01-27,1998-02-04,1,90.85,Rancho grande,Av. del Libertador 900,Buenos Aires,"",1010,Argentina,38,263.5,2,0.0,2025-02-04 06:32:57.017774,2025-02-04 06:32:57.65847,2025-02-04 06:32:57.090344,,1738650777658,,1738650776894
10829,ISLAT,9,1998-01-13,1998-02-10,1998-01-23,1,154.72,Island Trading,Garden House Crowther Way,Cowes,Isle of Wight,PO31 7PJ,UK,60,34.0,21,0.0,2025-02-04 06:32:57.018327,2025-02-04 06:32:57.659889,2025-02-04 06:32:57.090344,,1738650777660,,1738650776894
10830,TRADH,4,1998-01-13,1998-02-24,1998-01-21,2,81.83,Tradiçao Hipermercados,"Av. Inês de Castro, 414",Sao Paulo,SP,05634-030,Brazil,68,12.5,24,0.0,2025-02-04 06:32:57.018875,2025-02-04 06:32:57.661298,2025-02-04 06:32:57.090344,,1738650777661,,1738650776894
10831,SANTG,3,1998-01-14,1998-02-11,1998-01-23,2,72.19,Santé Gourmet,Erling Skakkes gate 78,Stavern,"",4110,Norway,43,46.0,9,0.0,2025-02-04 06:32:57.019406,2025-02-04 06:32:57.662625,2025-02-04 06:32:57.090344,,1738650777663,,1738650776894
10832,LAMAI,2,1998-01-14,1998-02-11,1998-01-19,2,43.26,La maison d'Asie,1 rue Alsace-Lorraine,Toulouse,"",31000,France,64,33.25,3,0.0,2025-02-04 06:32:57.020014,2025-02-04 06:32:57.66403,2025-02-04 06:32:57.090344,,1738650777664,,1738650776894
10833,OTTIK,6,1998-01-15,1998-02-12,1998-01-23,2,71.49,Ottilies Käseladen,Mehrheimerstr. 369,Köln,"",50739,Germany,53,32.8,9,0.1,2025-02-04 06:32:57.020407,2025-02-04 06:32:57.664999,2025-02-04 06:32:57.090344,,1738650777665,,1738650776894
10834,TRADH,1,1998-01-15,1998-02-12,1998-01-19,3,29.78,Tradiçao Hipermercados,"Av. Inês de Castro, 414",Sao Paulo,SP,05634-030,Brazil,30,25.89,20,0.05,2025-02-04 06:32:57.02069,2025-02-04 06:32:57.665622,2025-02-04 06:32:57.090344,,1738650777666,,1738650776894
10835,ALFKI,1,1998-01-15,1998-02-12,1998-01-21,3,69.53,Alfred's Futterkiste,Obere Str. 57,Berlin,"",12209,Germany,77,13.0,2,0.2,2025-02-04 06:32:57.020962,2025-02-04 06:32:57.66636,2025-02-04 06:32:57.090344,,1738650777666,,1738650776894
10836,ERNSH,7,1998-01-16,1998-02-13,1998-01-21,1,411.88,Ernst Handel,Kirchgasse 6,Graz,"",8010,Austria,64,33.25,30,0.0,2025-02-04 06:32:57.021658,2025-02-04 06:32:57.668082,2025-02-04 06:32:57.090344,,1738650777668,,1738650776894
10837,BERGS,9,1998-01-16,1998-02-13,1998-01-23,3,13.32,Berglunds snabbköp,Berguvsvägen  8,Luleå,"",S-958 22,Sweden,76,18.0,21,0.25,2025-02-04 06:32:57.022182,2025-02-04 06:32:57.669388,2025-02-04 06:32:57.090344,,1738650777669,,1738650776894
10838,LINOD,3,1998-01-19,1998-02-16,1998-01-23,3,59.28,LINO-Delicateses,Ave. 5 de Mayo Porlamar,I. de Margarita,Nueva Esparta,4980,Venezuela,36,19.0,50,0.25,2025-02-04 06:32:57.022594,2025-02-04 06:32:57.670537,2025-02-04 06:32:57.090344,,1738650777671,,1738650776894
10839,TRADH,3,1998-01-19,1998-02-16,1998-01-22,3,35.43,Tradiçao Hipermercados,"Av. Inês de Castro, 414",Sao Paulo,SP,05634-030,Brazil,72,34.8,15,0.1,2025-02-04 06:32:57.022857,2025-02-04 06:32:57.671177,2025-02-04 06:32:57.090344,,1738650777671,,1738650776894
10840,LINOD,4,1998-01-19,1998-03-02,1998-02-16,2,2.71,LINO-Delicateses,Ave. 5 de Mayo Porlamar,I. de Margarita,Nueva Esparta,4980,Venezuela,39,18.0,10,0.2,2025-02-04 06:32:57.023119,2025-02-04 06:32:57.671912,2025-02-04 06:32:57.090344,,1738650777672,,1738650776894
10841,SUPRD,5,1998-01-20,1998-02-17,1998-01-29,2,424.3,Suprêmes délices,"Boulevard Tirou, 255",Charleroi,"",B-6000,Belgium,77,13.0,15,0.0,2025-02-04 06:32:57.023671,2025-02-04 06:32:57.673256,2025-02-04 06:32:57.090344,,1738650777673,,1738650776894
10842,TORTU,1,1998-01-20,1998-02-17,1998-01-29,3,54.42,Tortuga Restaurante,Avda. Azteca 123,México D.F.,"",05033,Mexico,70,15.0,12,0.0,2025-02-04 06:32:57.024209,2025-02-04 06:32:57.674544,2025-02-04 06:32:57.090344,,1738650777675,,1738650776894
10843,VICTE,4,1998-01-21,1998-02-18,1998-01-26,2,9.26,Victuailles en stock,"2, rue du Commerce",Lyon,"",69004,France,51,53.0,4,0.25,2025-02-04 06:32:57.024361,2025-02-04 06:32:57.67485,2025-02-04 06:32:57.090344,,1738650777675,,1738650776894
10844,PICCO,8,1998-01-21,1998-02-18,1998-01-26,2,25.22,Piccolo und mehr,Geislweg 14,Salzburg,"",5020,Austria,22,21.0,35,0.0,2025-02-04 06:32:57.024493,2025-02-04 06:32:57.675217,2025-02-04 06:32:57.090344,,1738650777675,,1738650776894
10845,QUICK,8,1998-01-21,1998-02-04,1998-01-30,1,212.98,QUICK-Stop,Taucherstraße 10,Cunewalde,"",01307,Germany,64,33.25,48,0.0,2025-02-04 06:32:57.025145,2025-02-04 06:32:57.67691,2025-02-04 06:32:57.090344,,1738650777677,,1738650776894
10846,SUPRD,2,1998-01-22,1998-03-05,1998-01-23,3,56.46,Suprêmes délices,"Boulevard Tirou, 255",Charleroi,"",B-6000,Belgium,74,10.0,20,0.0,2025-02-04 06:32:57.025578,2025-02-04 06:32:57.677922,2025-02-04 06:32:57.090344,,1738650777678,,1738650776894
10847,SAVEA,4,1998-01-22,1998-02-05,1998-02-10,3,487.57,Save-a-lot Markets,187 Suffolk Ln.,Boise,ID,83720,USA,71,21.5,55,0.2,2025-02-04 06:32:57.026405,2025-02-04 06:32:57.67996,2025-02-04 06:32:57.090344,,1738650777680,,1738650776894
10848,CONSH,7,1998-01-23,1998-02-20,1998-01-29,2,38.24,Consolidated Holdings,Berkeley Gardens 12  Brewery,London,"",WX1 6LT,UK,9,97.0,3,0.0,2025-02-04 06:32:57.026668,2025-02-04 06:32:57.680586,2025-02-04 06:32:57.090344,,1738650777681,,1738650776894
10849,KOENE,9,1998-01-23,1998-02-20,1998-01-30,2,0.56,Königlich Essen,Maubelstr. 90,Brandenburg,"",14776,Germany,26,31.23,18,0.15,2025-02-04 06:32:57.02693,2025-02-04 06:32:57.681266,2025-02-04 06:32:57.090344,,1738650777681,,1738650776894
10850,VICTE,1,1998-01-23,1998-03-06,1998-01-30,1,49.19,Victuailles en stock,"2, rue du Commerce",Lyon,"",69004,France,70,15.0,30,0.15,2025-02-04 06:32:57.027522,2025-02-04 06:32:57.682315,2025-02-04 06:32:57.090344,,1738650777682,,1738650776894
10851,RICAR,5,1998-01-26,1998-02-23,1998-02-02,1,160.55,Ricardo Adocicados,"Av. Copacabana, 267",Rio de Janeiro,RJ,02389-890,Brazil,59,55.0,42,0.05,2025-02-04 06:32:57.02833,2025-02-04 06:32:57.683727,2025-02-04 06:32:57.090344,,1738650777684,,1738650776894
10852,RATTC,8,1998-01-26,1998-02-09,1998-01-30,1,174.05,Rattlesnake Canyon Grocery,2817 Milton Dr.,Albuquerque,NM,87110,USA,62,49.3,50,0.0,2025-02-04 06:32:57.028826,2025-02-04 06:32:57.684744,2025-02-04 06:32:57.090344,,1738650777685,,1738650776894
10853,BLAUS,9,1998-01-27,1998-02-24,1998-02-03,2,53.83,Blauer See Delikatessen,Forsterstr. 57,Mannheim,"",68306,Germany,18,62.5,10,0.0,2025-02-04 06:32:57.029192,2025-02-04 06:32:57.685061,2025-02-04 06:32:57.090344,,1738650777685,,1738650776894
10854,ERNSH,3,1998-01-27,1998-02-24,1998-02-05,2,100.22,Ernst Handel,Kirchgasse 6,Graz,"",8010,Austria,13,6.0,65,0.15,2025-02-04 06:32:57.029723,2025-02-04 06:32:57.685729,2025-02-04 06:32:57.090344,,1738650777686,,1738650776894
10855,OLDWO,3,1998-01-27,1998-02-24,1998-02-04,1,170.97,Old World Delicatessen,2743 Bering St.,Anchorage,AK,99508,USA,65,21.05,15,0.15,2025-02-04 06:32:57.030712,2025-02-04 06:32:57.687032,2025-02-04 06:32:57.090344,,1738650777687,,1738650776894
10856,ANTON,3,1998-01-28,1998-02-25,1998-02-10,2,58.43,Antonio Moreno Taquería,Mataderos  2312,México D.F.,"",05023,Mexico,42,14.0,20,0.0,2025-02-04 06:32:57.031261,2025-02-04 06:32:57.687782,2025-02-04 06:32:57.090344,,1738650777688,,1738650776894
10857,BERGS,8,1998-01-28,1998-02-25,1998-02-06,2,188.85,Berglunds snabbköp,Berguvsvägen  8,Luleå,"",S-958 22,Sweden,29,123.79,10,0.25,2025-02-04 06:32:57.032011,2025-02-04 06:32:57.688828,2025-02-04 06:32:57.090344,,1738650777689,,1738650776894
10858,LACOR,2,1998-01-29,1998-02-26,1998-02-03,1,52.51,La corne d'abondance,"67, avenue de l'Europe",Versailles,"",78000,France,70,15.0,4,0.0,2025-02-04 06:32:57.032531,2025-02-04 06:32:57.689855,2025-02-04 06:32:57.090344,,1738650777690,,1738650776894
10859,FRANK,1,1998-01-29,1998-02-26,1998-02-02,2,76.1,Frankenversand,Berliner Platz 43,München,"",80805,Germany,64,33.25,30,0.25,2025-02-04 06:32:57.032976,2025-02-04 06:32:57.690845,2025-02-04 06:32:57.090344,,1738650777691,,1738650776894
10860,FRANR,3,1998-01-29,1998-02-26,1998-02-04,3,19.26,France restauration,"54, rue Royale",Nantes,"",44000,France,76,18.0,20,0.0,2025-02-04 06:32:57.033249,2025-02-04 06:32:57.691515,2025-02-04 06:32:57.090344,,1738650777692,,1738650776894
10861,WHITC,4,1998-01-30,1998-02-27,1998-02-17,2,14.93,White Clover Markets,1029 - 12th Ave. S.,Seattle,WA,98124,USA,62,49.3,3,0.0,2025-02-04 06:32:57.033947,2025-02-04 06:32:57.693236,2025-02-04 06:32:57.090344,,1738650777693,,1738650776894
10862,LEHMS,8,1998-01-30,1998-03-13,1998-02-02,2,53.23,Lehmanns Marktstand,Magazinweg 7,Frankfurt a.M.,"",60528,Germany,52,7.0,8,0.0,2025-02-04 06:32:57.034214,2025-02-04 06:32:57.693914,2025-02-04 06:32:57.090344,,1738650777694,,1738650776894
10863,HILAA,4,1998-02-02,1998-03-02,1998-02-17,2,30.26,HILARION-Abastos,Carrera 22 con Ave. Carlos Soublette #8-35,San Cristóbal,Táchira,5022,Venezuela,58,13.25,12,0.15,2025-02-04 06:32:57.034481,2025-02-04 06:32:57.694571,2025-02-04 06:32:57.090344,,1738650777695,,1738650776894
10864,AROUT,4,1998-02-02,1998-03-02,1998-02-09,2,3.04,Around the Horn,Brook Farm Stratford St. Mary,Colchester,Essex,CO7 6JX,UK,67,14.0,15,0.0,2025-02-04 06:32:57.034829,2025-02-04 06:32:57.695245,2025-02-04 06:32:57.090344,,1738650777695,,1738650776894
10865,QUICK,2,1998-02-02,1998-02-16,1998-02-12,1,348.14,QUICK-Stop,Taucherstraße 10,Cunewalde,"",01307,Germany,39,18.0,80,0.05,2025-02-04 06:32:57.035097,2025-02-04 06:32:57.695921,2025-02-04 06:32:57.090344,,1738650777696,,1738650776894
10866,BERGS,5,1998-02-03,1998-03-03,1998-02-12,1,109.11,Berglunds snabbköp,Berguvsvägen  8,Luleå,"",S-958 22,Sweden,30,25.89,40,0.25,2025-02-04 06:32:57.035501,2025-02-04 06:32:57.696906,2025-02-04 06:32:57.090344,,1738650777697,,1738650776894
10867,LONEP,6,1998-02-03,1998-03-17,1998-02-11,1,1.93,Lonesome Pine Restaurant,89 Chiaroscuro Rd.,Portland,OR,97219,USA,53,32.8,3,0.0,2025-02-04 06:32:57.035635,2025-02-04 06:32:57.697224,2025-02-04 06:32:57.090344,,1738650777697,,1738650776894
10868,QUEEN,7,1998-02-04,1998-03-04,1998-02-23,2,191.27,Queen Cozinha,"Alameda dos Canàrios, 891",Sao Paulo,SP,05487-020,Brazil,49,20.0,42,0.1,2025-02-04 06:32:57.036134,2025-02-04 06:32:57.698341,2025-02-04 06:32:57.090344,,1738650777698,,1738650776894
10869,SEVES,5,1998-02-04,1998-03-04,1998-02-09,1,143.28,Seven Seas Imports,90 Wadhurst Rd.,London,"",OX15 4NB,UK,68,12.5,20,0.0,2025-02-04 06:32:57.036693,2025-02-04 06:32:57.699782,2025-02-04 06:32:57.090344,,1738650777700,,1738650776894
10870,WOLZA,5,1998-02-04,1998-03-04,1998-02-13,3,12.04,Wolski Zajazd,ul. Filtrowa 68,Warszawa,"",01-012,Poland,51,53.0,2,0.0,2025-02-04 06:32:57.036957,2025-02-04 06:32:57.700457,2025-02-04 06:32:57.090344,,1738650777700,,1738650776894
10871,BONAP,9,1998-02-05,1998-03-05,1998-02-10,2,112.27,Bon app',"12, rue des Bouchers",Marseille,"",13008,France,17,39.0,16,0.05,2025-02-04 06:32:57.037393,2025-02-04 06:32:57.701444,2025-02-04 06:32:57.090344,,1738650777701,,1738650776894
10872,GODOS,5,1998-02-05,1998-03-05,1998-02-09,2,175.32,Godos Cocina Típica,"C/ Romero, 33",Sevilla,"",41101,Spain,65,21.05,21,0.05,2025-02-04 06:32:57.037922,2025-02-04 06:32:57.702737,2025-02-04 06:32:57.090344,,1738650777703,,1738650776894
10873,WILMK,4,1998-02-06,1998-03-06,1998-02-09,1,0.82,Wilman Kala,Keskuskatu 45,Helsinki,"",21240,Finland,28,45.6,3,0.0,2025-02-04 06:32:57.038205,2025-02-04 06:32:57.703408,2025-02-04 06:32:57.090344,,1738650777703,,1738650776894
10874,GODOS,5,1998-02-06,1998-03-06,1998-02-11,2,19.58,Godos Cocina Típica,"C/ Romero, 33",Sevilla,"",41101,Spain,10,31.0,10,0.0,2025-02-04 06:32:57.038358,2025-02-04 06:32:57.703779,2025-02-04 06:32:57.090344,,1738650777704,,1738650776894
10875,BERGS,4,1998-02-06,1998-03-06,1998-03-03,2,32.37,Berglunds snabbköp,Berguvsvägen  8,Luleå,"",S-958 22,Sweden,49,20.0,15,0.0,2025-02-04 06:32:57.038799,2025-02-04 06:32:57.704805,2025-02-04 06:32:57.090344,,1738650777705,,1738650776894
10876,BONAP,7,1998-02-09,1998-03-09,1998-02-12,3,60.42,Bon app',"12, rue des Bouchers",Marseille,"",13008,France,64,33.25,20,0.0,2025-02-04 06:32:57.039091,2025-02-04 06:32:57.705528,2025-02-04 06:32:57.090344,,1738650777706,,1738650776894
10877,RICAR,1,1998-02-09,1998-03-09,1998-02-19,1,38.06,Ricardo Adocicados,"Av. Copacabana, 267",Rio de Janeiro,RJ,02389-890,Brazil,18,62.5,25,0.0,2025-02-04 06:32:57.039376,2025-02-04 06:32:57.706217,2025-02-04 06:32:57.090344,,1738650777706,,1738650776894
10878,QUICK,4,1998-02-10,1998-03-10,1998-02-12,1,46.69,QUICK-Stop,Taucherstraße 10,Cunewalde,"",01307,Germany,20,81.0,20,0.05,2025-02-04 06:32:57.039509,2025-02-04 06:32:57.706511,2025-02-04 06:32:57.090344,,1738650777707,,1738650776894
10879,WILMK,3,1998-02-10,1998-03-10,1998-02-12,3,8.5,Wilman Kala,Keskuskatu 45,Helsinki,"",21240,Finland,76,18.0,10,0.0,2025-02-04 06:32:57.040013,2025-02-04 06:32:57.707499,2025-02-04 06:32:57.090344,,1738650777708,,1738650776894
10880,FOLKO,7,1998-02-10,1998-03-24,1998-02-18,1,88.01,Folk och fä HB,Åkergatan 24,Bräcke,"",S-844 67,Sweden,70,15.0,50,0.2,2025-02-04 06:32:57.040506,2025-02-04 06:32:57.708487,2025-02-04 06:32:57.090344,,1738650777708,,1738650776894
10881,CACTU,4,1998-02-11,1998-03-11,1998-02-18,1,2.84,Cactus Comidas para llevar,Cerrito 333,Buenos Aires,"",1010,Argentina,73,15.0,10,0.0,2025-02-04 06:32:57.040664,2025-02-04 06:32:57.708845,2025-02-04 06:32:57.090344,,1738650777709,,1738650776894
10882,SAVEA,4,1998-02-11,1998-03-11,1998-02-20,3,23.1,Save-a-lot Markets,187 Suffolk Ln.,Boise,ID,83720,USA,54,7.45,32,0.15,2025-02-04 06:32:57.041081,2025-02-04 06:32:57.709945,2025-02-04 06:32:57.090344,,1738650777710,,1738650776894
10883,LONEP,8,1998-02-12,1998-03-12,1998-02-20,3,0.53,Lonesome Pine Restaurant,89 Chiaroscuro Rd.,Portland,OR,97219,USA,24,4.5,8,0.0,2025-02-04 06:32:57.041215,2025-02-04 06:32:57.710268,2025-02-04 06:32:57.090344,,1738650777710,,1738650776894
10884,LETSS,4,1998-02-12,1998-03-12,1998-02-13,2,90.97,Let's Stop N Shop,87 Polk St. Suite 5,San Francisco,CA,94117,USA,65,21.05,12,0.05,2025-02-04 06:32:57.04161,2025-02-04 06:32:57.711268,2025-02-04 06:32:57.090344,,1738650777711,,1738650776894
10885,SUPRD,6,1998-02-12,1998-03-12,1998-02-18,3,5.64,Suprêmes délices,"Boulevard Tirou, 255",Charleroi,"",B-6000,Belgium,77,13.0,25,0.0,2025-02-04 06:32:57.042292,2025-02-04 06:32:57.712663,2025-02-04 06:32:57.090344,,1738650777713,,1738650776894
10886,HANAR,1,1998-02-13,1998-03-13,1998-03-02,1,4.99,Hanari Carnes,"Rua do Paço, 67",Rio de Janeiro,RJ,05454-876,Brazil,77,13.0,40,0.0,2025-02-04 06:32:57.042689,2025-02-04 06:32:57.713651,2025-02-04 06:32:57.090344,,1738650777714,,1738650776894
10887,GALED,8,1998-02-13,1998-03-13,1998-02-16,3,1.25,Galería del gastronómo,"Rambla de Cataluña, 23",Barcelona,"",8022,Spain,25,14.0,5,0.0,2025-02-04 06:32:57.042822,2025-02-04 06:32:57.714001,2025-02-04 06:32:57.090344,,1738650777714,,1738650776894
10888,GODOS,1,1998-02-16,1998-03-16,1998-02-23,2,51.87,Godos Cocina Típica,"C/ Romero, 33",Sevilla,"",41101,Spain,68,12.5,18,0.0,2025-02-04 06:32:57.043213,2025-02-04 06:32:57.714728,2025-02-04 06:32:57.090344,,1738650777715,,1738650776894
10889,RATTC,9,1998-02-16,1998-03-16,1998-02-23,3,280.61,Rattlesnake Canyon Grocery,2817 Milton Dr.,Albuquerque,NM,87110,USA,38,263.5,40,0.0,2025-02-04 06:32:57.043516,2025-02-04 06:32:57.715412,2025-02-04 06:32:57.090344,,1738650777715,,1738650776894
10890,DUMON,7,1998-02-16,1998-03-16,1998-02-18,1,32.76,Du monde entier,"67, rue des Cinquante Otages",Nantes,"",44000,France,41,9.65,14,0.0,2025-02-04 06:32:57.044019,2025-02-04 06:32:57.716406,2025-02-04 06:32:57.090344,,1738650777716,,1738650776894
10891,LEHMS,7,1998-02-17,1998-03-17,1998-02-19,2,20.37,Lehmanns Marktstand,Magazinweg 7,Frankfurt a.M.,"",60528,Germany,30,25.89,15,0.05,2025-02-04 06:32:57.044184,2025-02-04 06:32:57.716721,2025-02-04 06:32:57.090344,,1738650777717,,1738650776894
10892,MAISD,4,1998-02-17,1998-03-17,1998-02-19,2,120.27,Maison Dewey,Rue Joseph-Bens 532,Bruxelles,"",B-1180,Belgium,59,55.0,40,0.05,2025-02-04 06:32:57.044325,2025-02-04 06:32:57.717056,2025-02-04 06:32:57.090344,,1738650777717,,1738650776894
10893,KOENE,9,1998-02-18,1998-03-18,1998-02-20,2,77.78,Königlich Essen,Maubelstr. 90,Brandenburg,"",14776,Germany,36,19.0,20,0.0,2025-02-04 06:32:57.04513,2025-02-04 06:32:57.718727,2025-02-04 06:32:57.090344,,1738650777719,,1738650776894
10894,SAVEA,1,1998-02-18,1998-03-18,1998-02-20,1,116.13,Save-a-lot Markets,187 Suffolk Ln.,Boise,ID,83720,USA,75,7.75,120,0.05,2025-02-04 06:32:57.045594,2025-02-04 06:32:57.719855,2025-02-04 06:32:57.090344,,1738650777720,,1738650776894
10895,ERNSH,3,1998-02-18,1998-03-18,1998-02-23,1,162.75,Ernst Handel,Kirchgasse 6,Graz,"",8010,Austria,60,34.0,100,0.0,2025-02-04 06:32:57.04616,2025-02-04 06:32:57.721185,2025-02-04 06:32:57.090344,,1738650777721,,1738650776894
10896,MAISD,7,1998-02-19,1998-03-19,1998-02-27,3,32.45,Maison Dewey,Rue Joseph-Bens 532,Bruxelles,"",B-1180,Belgium,56,38.0,16,0.0,2025-02-04 06:32:57.04645,2025-02-04 06:32:57.721851,2025-02-04 06:32:57.090344,,1738650777722,,1738650776894
10897,HUNGO,3,1998-02-19,1998-03-19,1998-02-25,2,603.54,Hungry Owl All-Night Grocers,8 Johnstown Road,Cork,Co. Cork,"",Ireland,30,25.89,36,0.0,2025-02-04 06:32:57.046759,2025-02-04 06:32:57.722493,2025-02-04 06:32:57.090344,,1738650777723,,1738650776894
10898,OCEAN,4,1998-02-20,1998-03-20,1998-03-06,2,1.27,Océano Atlántico Ltda.,Ing. Gustavo Moncada 8585 Piso 20-A,Buenos Aires,"",1010,Argentina,13,6.0,5,0.0,2025-02-04 06:32:57.046894,2025-02-04 06:32:57.722881,2025-02-04 06:32:57.090344,,1738650777723,,1738650776894
10899,LILAS,5,1998-02-20,1998-03-20,1998-02-26,3,1.21,LILA-Supermercado,Carrera 52 con Ave. Bolívar #65-98 Llano Largo,Barquisimeto,Lara,3508,Venezuela,39,18.0,8,0.15,2025-02-04 06:32:57.047029,2025-02-04 06:32:57.723199,2025-02-04 06:32:57.090344,,1738650777723,,1738650776894
10900,WELLI,1,1998-02-20,1998-03-20,1998-03-04,2,1.66,Wellington Importadora,"Rua do Mercado, 12",Resende,SP,08737-363,Brazil,70,15.0,3,0.25,2025-02-04 06:32:57.047164,2025-02-04 06:32:57.723541,2025-02-04 06:32:57.090344,,1738650777724,,1738650776894
10901,HILAA,4,1998-02-23,1998-03-23,1998-02-26,1,62.09,HILARION-Abastos,Carrera 22 con Ave. Carlos Soublette #8-35,San Cristóbal,Táchira,5022,Venezuela,71,21.5,30,0.0,2025-02-04 06:32:57.047432,2025-02-04 06:32:57.724231,2025-02-04 06:32:57.090344,,1738650777724,,1738650776894
10902,FOLKO,1,1998-02-23,1998-03-23,1998-03-03,1,44.15,Folk och fä HB,Åkergatan 24,Bräcke,"",S-844 67,Sweden,62,49.3,6,0.15,2025-02-04 06:32:57.04773,2025-02-04 06:32:57.724904,2025-02-04 06:32:57.090344,,1738650777725,,1738650776894
10903,HANAR,3,1998-02-24,1998-03-24,1998-03-04,3,36.71,Hanari Carnes,"Rua do Paço, 67",Rio de Janeiro,RJ,05454-876,Brazil,68,12.5,20,0.0,2025-02-04 06:32:57.048137,2025-02-04 06:32:57.725962,2025-02-04 06:32:57.090344,,1738650777726,,1738650776894
10904,WHITC,3,1998-02-24,1998-03-24,1998-02-27,3,162.95,White Clover Markets,1029 - 12th Ave. S.,Seattle,WA,98124,USA,62,49.3,35,0.0,2025-02-04 06:32:57.048403,2025-02-04 06:32:57.726634,2025-02-04 06:32:57.090344,,1738650777727,,1738650776894
10905,WELLI,9,1998-02-24,1998-03-24,1998-03-06,2,13.72,Wellington Importadora,"Rua do Mercado, 12",Resende,SP,08737-363,Brazil,1,18.0,20,0.05,2025-02-04 06:32:57.048557,2025-02-04 06:32:57.726947,2025-02-04 06:32:57.090344,,1738650777727,,1738650776894
10906,WOLZA,4,1998-02-25,1998-03-11,1998-03-03,3,26.29,Wolski Zajazd,ul. Filtrowa 68,Warszawa,"",01-012,Poland,61,28.5,15,0.0,2025-02-04 06:32:57.048689,2025-02-04 06:32:57.727282,2025-02-04 06:32:57.090344,,1738650777727,,1738650776894
10907,SPECD,6,1998-02-25,1998-03-25,1998-02-27,3,9.19,Spécialités du monde,"25, rue Lauriston",Paris,"",75016,France,75,7.75,14,0.0,2025-02-04 06:32:57.048822,2025-02-04 06:32:57.727667,2025-02-04 06:32:57.090344,,1738650777728,,1738650776894
10908,REGGC,4,1998-02-26,1998-03-26,1998-03-06,2,32.96,Reggiani Caseifici,Strada Provinciale 124,Reggio Emilia,"",42100,Italy,52,7.0,14,0.05,2025-02-04 06:32:57.049095,2025-02-04 06:32:57.728329,2025-02-04 06:32:57.090344,,1738650777728,,1738650776894
10909,SANTG,1,1998-02-26,1998-03-26,1998-03-10,2,53.05,Santé Gourmet,Erling Skakkes gate 78,Stavern,"",4110,Norway,41,9.65,5,0.0,2025-02-04 06:32:57.049535,2025-02-04 06:32:57.72939,2025-02-04 06:32:57.090344,,1738650777729,,1738650776894
10910,WILMK,1,1998-02-26,1998-03-26,1998-03-04,3,38.11,Wilman Kala,Keskuskatu 45,Helsinki,"",21240,Finland,61,28.5,5,0.0,2025-02-04 06:32:57.050037,2025-02-04 06:32:57.730462,2025-02-04 06:32:57.090344,,1738650777730,,1738650776894
10911,GODOS,3,1998-02-26,1998-03-26,1998-03-05,1,38.19,Godos Cocina Típica,"C/ Romero, 33",Sevilla,"",41101,Spain,67,14.0,15,0.0,2025-02-04 06:32:57.050469,2025-02-04 06:32:57.731491,2025-02-04 06:32:57.090344,,1738650777732,,1738650776894
10912,HUNGO,2,1998-02-26,1998-03-26,1998-03-18,2,580.91,Hungry Owl All-Night Grocers,8 Johnstown Road,Cork,Co. Cork,"",Ireland,29,123.79,60,0.25,2025-02-04 06:32:57.050737,2025-02-04 06:32:57.732157,2025-02-04 06:32:57.090344,,1738650777732,,1738650776894
10913,QUEEN,4,1998-02-26,1998-03-26,1998-03-04,1,33.05,Queen Cozinha,"Alameda dos Canàrios, 891",Sao Paulo,SP,05487-020,Brazil,58,13.25,15,0.0,2025-02-04 06:32:57.051144,2025-02-04 06:32:57.733191,2025-02-04 06:32:57.090344,,1738650777733,,1738650776894
10914,QUEEN,6,1998-02-27,1998-03-27,1998-03-02,1,21.19,Queen Cozinha,"Alameda dos Canàrios, 891",Sao Paulo,SP,05487-020,Brazil,71,21.5,25,0.0,2025-02-04 06:32:57.051275,2025-02-04 06:32:57.73351,2025-02-04 06:32:57.090344,,1738650777734,,1738650776894
10915,TORTU,2,1998-02-27,1998-03-27,1998-03-02,2,3.51,Tortuga Restaurante,Avda. Azteca 123,México D.F.,"",05033,Mexico,54,7.45,10,0.0,2025-02-04 06:32:57.051694,2025-02-04 06:32:57.734496,2025-02-04 06:32:57.090344,,1738650777735,,1738650776894
10916,RANCH,1,1998-02-27,1998-03-27,1998-03-09,2,63.77,Rancho grande,Av. del Libertador 900,Buenos Aires,"",1010,Argentina,57,19.5,20,0.0,2025-02-04 06:32:57.05209,2025-02-04 06:32:57.735515,2025-02-04 06:32:57.090344,,1738650777736,,1738650776894
10917,ROMEY,4,1998-03-02,1998-03-30,1998-03-11,2,8.29,Romero y tomillo,"Gran Vía, 1",Madrid,"",28001,Spain,60,34.0,10,0.0,2025-02-04 06:32:57.052389,2025-02-04 06:32:57.73625,2025-02-04 06:32:57.090344,,1738650777736,,1738650776894
10918,BOTTM,3,1998-03-02,1998-03-30,1998-03-11,3,48.83,Bottom-Dollar Markets,23 Tsawassen Blvd.,Tsawassen,BC,T2F 8M4,Canada,60,34.0,25,0.25,2025-02-04 06:32:57.052747,2025-02-04 06:32:57.736933,2025-02-04 06:32:57.090344,,1738650777737,,1738650776894
10919,LINOD,2,1998-03-02,1998-03-30,1998-03-04,2,19.8,LINO-Delicateses,Ave. 5 de Mayo Porlamar,I. de Margarita,Nueva Esparta,4980,Venezuela,40,18.4,20,0.0,2025-02-04 06:32:57.053149,2025-02-04 06:32:57.73791,2025-02-04 06:32:57.090344,,1738650777738,,1738650776894
10920,AROUT,4,1998-03-03,1998-03-31,1998-03-09,2,29.61,Around the Horn,Brook Farm Stratford St. Mary,Colchester,Essex,CO7 6JX,UK,50,16.25,24,0.0,2025-02-04 06:32:57.0533,2025-02-04 06:32:57.738218,2025-02-04 06:32:57.090344,,1738650777738,,1738650776894
10921,VAFFE,1,1998-03-03,1998-04-14,1998-03-09,1,176.48,Vaffeljernet,Smagsloget 45,Århus,"",8200,Denmark,63,43.9,40,0.0,2025-02-04 06:32:57.053623,2025-02-04 06:32:57.738888,2025-02-04 06:32:57.090344,,1738650777739,,1738650776894
10922,HANAR,5,1998-03-03,1998-03-31,1998-03-05,3,62.74,Hanari Carnes,"Rua do Paço, 67",Rio de Janeiro,RJ,05454-876,Brazil,24,4.5,35,0.0,2025-02-04 06:32:57.053933,2025-02-04 06:32:57.739609,2025-02-04 06:32:57.090344,,1738650777740,,1738650776894
10923,LAMAI,7,1998-03-03,1998-04-14,1998-03-13,3,68.26,La maison d'Asie,1 rue Alsace-Lorraine,Toulouse,"",31000,France,67,14.0,24,0.2,2025-02-04 06:32:57.054404,2025-02-04 06:32:57.740618,2025-02-04 06:32:57.090344,,1738650777741,,1738650776894
10924,BERGS,3,1998-03-04,1998-04-01,1998-04-08,2,151.52,Berglunds snabbköp,Berguvsvägen  8,Luleå,"",S-958 22,Sweden,75,7.75,6,0.0,2025-02-04 06:32:57.055078,2025-02-04 06:32:57.741668,2025-02-04 06:32:57.090344,,1738650777742,,1738650776894
10925,HANAR,3,1998-03-04,1998-04-01,1998-03-13,1,2.27,Hanari Carnes,"Rua do Paço, 67",Rio de Janeiro,RJ,05454-876,Brazil,52,7.0,12,0.15,2025-02-04 06:32:57.055506,2025-02-04 06:32:57.742405,2025-02-04 06:32:57.090344,,1738650777742,,1738650776894
10926,ANATR,4,1998-03-04,1998-04-01,1998-03-11,3,39.92,Ana Trujillo Emparedados y helados,Avda. de la Constitución 2222,México D.F.,"",05021,Mexico,72,34.8,10,0.0,2025-02-04 06:32:57.056076,2025-02-04 06:32:57.743801,2025-02-04 06:32:57.090344,,1738650777744,,1738650776894
10927,LACOR,4,1998-03-05,1998-04-02,1998-04-08,1,19.79,La corne d'abondance,"67, avenue de l'Europe",Versailles,"",78000,France,76,18.0,20,0.0,2025-02-04 06:32:57.056479,2025-02-04 06:32:57.744803,2025-02-04 06:32:57.090344,,1738650777745,,1738650776894
10928,GALED,1,1998-03-05,1998-04-02,1998-03-18,1,1.36,Galería del gastronómo,"Rambla de Cataluña, 23",Barcelona,"",8022,Spain,76,18.0,5,0.0,2025-02-04 06:32:57.056745,2025-02-04 06:32:57.745441,2025-02-04 06:32:57.090344,,1738650777745,,1738650776894
10929,FRANK,6,1998-03-05,1998-04-02,1998-03-12,1,33.93,Frankenversand,Berliner Platz 43,München,"",80805,Germany,77,13.0,15,0.0,2025-02-04 06:32:57.057327,2025-02-04 06:32:57.746465,2025-02-04 06:32:57.090344,,1738650777746,,1738650776894
10930,SUPRD,4,1998-03-06,1998-04-17,1998-03-18,3,15.55,Suprêmes délices,"Boulevard Tirou, 255",Charleroi,"",B-6000,Belgium,58,13.25,30,0.2,2025-02-04 06:32:57.057912,2025-02-04 06:32:57.747821,2025-02-04 06:32:57.090344,,1738650777748,,1738650776894
10931,RICSU,4,1998-03-06,1998-03-20,1998-03-19,2,13.6,Richter Supermarkt,Starenweg 5,Genève,"",1204,Switzerland,57,19.5,30,0.0,2025-02-04 06:32:57.058177,2025-02-04 06:32:57.748472,2025-02-04 06:32:57.090344,,1738650777748,,1738650776894
10932,BONAP,8,1998-03-06,1998-04-03,1998-03-24,1,134.64,Bon app',"12, rue des Bouchers",Marseille,"",13008,France,75,7.75,20,0.1,2025-02-04 06:32:57.058616,2025-02-04 06:32:57.749811,2025-02-04 06:32:57.090344,,1738650777750,,1738650776894
10933,ISLAT,6,1998-03-06,1998-04-03,1998-03-16,3,54.15,Island Trading,Garden House Crowther Way,Cowes,Isle of Wight,PO31 7PJ,UK,61,28.5,30,0.0,2025-02-04 06:32:57.058932,2025-02-04 06:32:57.750474,2025-02-04 06:32:57.090344,,1738650777750,,1738650776894
10934,LEHMS,3,1998-03-09,1998-04-06,1998-03-12,3,32.01,Lehmanns Marktstand,Magazinweg 7,Frankfurt a.M.,"",60528,Germany,6,25.0,20,0.0,2025-02-04 06:32:57.059067,2025-02-04 06:32:57.750783,2025-02-04 06:32:57.090344,,1738650777751,,1738650776894
10935,WELLI,4,1998-03-09,1998-04-06,1998-03-18,3,47.59,Wellington Importadora,"Rua do Mercado, 12",Resende,SP,08737-363,Brazil,23,9.0,8,0.25,2025-02-04 06:32:57.059491,2025-02-04 06:32:57.751794,2025-02-04 06:32:57.090344,,1738650777752,,1738650776894
10936,GREAL,3,1998-03-09,1998-04-06,1998-03-18,2,33.68,Great Lakes Food Market,2732 Baker Blvd.,Eugene,OR,97403,USA,36,19.0,30,0.2,2025-02-04 06:32:57.059691,2025-02-04 06:32:57.752104,2025-02-04 06:32:57.090344,,1738650777752,,1738650776894
10937,CACTU,7,1998-03-10,1998-03-24,1998-03-13,3,31.51,Cactus Comidas para llevar,Cerrito 333,Buenos Aires,"",1010,Argentina,34,14.0,20,0.0,2025-02-04 06:32:57.059967,2025-02-04 06:32:57.752772,2025-02-04 06:32:57.090344,,1738650777753,,1738650776894
10938,QUICK,3,1998-03-10,1998-04-07,1998-03-16,2,31.89,QUICK-Stop,Taucherstraße 10,Cunewalde,"",01307,Germany,71,21.5,35,0.25,2025-02-04 06:32:57.060493,2025-02-04 06:32:57.754147,2025-02-04 06:32:57.090344,,1738650777754,,1738650776894
10939,MAGAA,2,1998-03-10,1998-04-07,1998-03-13,2,76.33,Magazzini Alimentari Riuniti,Via Ludovico il Moro 22,Bergamo,"",24100,Italy,67,14.0,40,0.15,2025-02-04 06:32:57.060769,2025-02-04 06:32:57.754776,2025-02-04 06:32:57.090344,,1738650777755,,1738650776894
10940,BONAP,8,1998-03-11,1998-04-08,1998-03-23,3,19.77,Bon app',"12, rue des Bouchers",Marseille,"",13008,France,13,6.0,20,0.0,2025-02-04 06:32:57.061034,2025-02-04 06:32:57.755432,2025-02-04 06:32:57.090344,,1738650777755,,1738650776894
10941,SAVEA,7,1998-03-11,1998-04-08,1998-03-20,2,400.81,Save-a-lot Markets,187 Suffolk Ln.,Boise,ID,83720,USA,72,34.8,50,0.0,2025-02-04 06:32:57.061558,2025-02-04 06:32:57.756788,2025-02-04 06:32:57.090344,,1738650777757,,1738650776894
10942,REGGC,9,1998-03-11,1998-04-08,1998-03-18,3,17.95,Reggiani Caseifici,Strada Provinciale 124,Reggio Emilia,"",42100,Italy,49,20.0,28,0.0,2025-02-04 06:32:57.061697,2025-02-04 06:32:57.757166,2025-02-04 06:32:57.090344,,1738650777757,,1738650776894
10943,BSBEV,4,1998-03-11,1998-04-08,1998-03-19,2,2.17,B's Beverages,Fauntleroy Circus,London,"",EC2 5NT,UK,46,12.0,15,0.0,2025-02-04 06:32:57.06209,2025-02-04 06:32:57.758161,2025-02-04 06:32:57.090344,,1738650777758,,1738650776894
10944,BOTTM,6,1998-03-12,1998-03-26,1998-03-13,3,52.92,Bottom-Dollar Markets,23 Tsawassen Blvd.,Tsawassen,BC,T2F 8M4,Canada,56,38.0,18,0.0,2025-02-04 06:32:57.062492,2025-02-04 06:32:57.759153,2025-02-04 06:32:57.090344,,1738650777759,,1738650776894
10945,MORGK,4,1998-03-12,1998-04-09,1998-03-18,1,10.22,Morgenstern Gesundkost,Heerstr. 22,Leipzig,"",04179,Germany,31,12.5,10,0.0,2025-02-04 06:32:57.062852,2025-02-04 06:32:57.759848,2025-02-04 06:32:57.090344,,1738650777760,,1738650776894
10946,VAFFE,1,1998-03-12,1998-04-09,1998-03-19,2,27.2,Vaffeljernet,Smagsloget 45,Århus,"",8200,Denmark,77,13.0,40,0.0,2025-02-04 06:32:57.063396,2025-02-04 06:32:57.760858,2025-02-04 06:32:57.090344,,1738650777761,,1738650776894
10947,BSBEV,3,1998-03-13,1998-04-10,1998-03-16,2,3.26,B's Beverages,Fauntleroy Circus,London,"",EC2 5NT,UK,59,55.0,4,0.0,2025-02-04 06:32:57.063559,2025-02-04 06:32:57.761155,2025-02-04 06:32:57.090344,,1738650777761,,1738650776894
10948,GODOS,3,1998-03-13,1998-04-10,1998-03-19,3,23.39,Godos Cocina Típica,"C/ Romero, 33",Sevilla,"",41101,Spain,55,24.0,4,0.0,2025-02-04 06:32:57.063988,2025-02-04 06:32:57.76219,2025-02-04 06:32:57.090344,,1738650777762,,1738650776894
10949,BOTTM,2,1998-03-13,1998-04-10,1998-03-17,3,74.44,Bottom-Dollar Markets,23 Tsawassen Blvd.,Tsawassen,BC,T2F 8M4,Canada,62,49.3,60,0.0,2025-02-04 06:32:57.064558,2025-02-04 06:32:57.763576,2025-02-04 06:32:57.090344,,1738650777764,,1738650776894
10950,MAGAA,1,1998-03-16,1998-04-13,1998-03-23,2,2.5,Magazzini Alimentari Riuniti,Via Ludovico il Moro 22,Bergamo,"",24100,Italy,4,22.0,5,0.0,2025-02-04 06:32:57.064695,2025-02-04 06:32:57.763891,2025-02-04 06:32:57.090344,,1738650777764,,1738650776894
10951,RICSU,9,1998-03-16,1998-04-27,1998-04-07,2,30.85,Richter Supermarkt,Starenweg 5,Genève,"",1204,Switzerland,75,7.75,50,0.05,2025-02-04 06:32:57.065123,2025-02-04 06:32:57.764879,2025-02-04 06:32:57.090344,,1738650777765,,1738650776894
10952,ALFKI,1,1998-03-16,1998-04-27,1998-03-24,1,40.42,Alfred's Futterkiste,Obere Str. 57,Berlin,"",12209,Germany,28,45.6,2,0.0,2025-02-04 06:32:57.065418,2025-02-04 06:32:57.765552,2025-02-04 06:32:57.090344,,1738650777766,,1738650776894
10953,AROUT,9,1998-03-16,1998-03-30,1998-03-25,2,23.72,Around the Horn,Brook Farm Stratford St. Mary,Colchester,Essex,CO7 6JX,UK,31,12.5,50,0.05,2025-02-04 06:32:57.065687,2025-02-04 06:32:57.766172,2025-02-04 06:32:57.090344,,1738650777766,,1738650776894
10954,LINOD,5,1998-03-17,1998-04-28,1998-03-20,1,27.91,LINO-Delicateses,Ave. 5 de Mayo Porlamar,I. de Margarita,Nueva Esparta,4980,Venezuela,60,34.0,24,0.15,2025-02-04 06:32:57.066338,2025-02-04 06:32:57.767559,2025-02-04 06:32:57.090344,,1738650777768,,1738650776894
10955,FOLKO,8,1998-03-17,1998-04-14,1998-03-20,2,3.26,Folk och fä HB,Åkergatan 24,Bräcke,"",S-844 67,Sweden,75,7.75,12,0.2,2025-02-04 06:32:57.066485,2025-02-04 06:32:57.767874,2025-02-04 06:32:57.090344,,1738650777768,,1738650776894
10956,BLAUS,6,1998-03-17,1998-04-28,1998-03-20,2,44.65,Blauer See Delikatessen,Forsterstr. 57,Mannheim,"",68306,Germany,51,53.0,8,0.0,2025-02-04 06:32:57.066889,2025-02-04 06:32:57.76886,2025-02-04 06:32:57.090344,,1738650777769,,1738650776894
10957,HILAA,8,1998-03-18,1998-04-15,1998-03-27,3,105.36,HILARION-Abastos,Carrera 22 con Ave. Carlos Soublette #8-35,San Cristóbal,Táchira,5022,Venezuela,64,33.25,8,0.0,2025-02-04 06:32:57.067306,2025-02-04 06:32:57.769916,2025-02-04 06:32:57.090344,,1738650777770,,1738650776894
10958,OCEAN,7,1998-03-18,1998-04-15,1998-03-27,2,49.56,Océano Atlántico Ltda.,Ing. Gustavo Moncada 8585 Piso 20-A,Buenos Aires,"",1010,Argentina,72,34.8,5,0.0,2025-02-04 06:32:57.067736,2025-02-04 06:32:57.770945,2025-02-04 06:32:57.090344,,1738650777771,,1738650776894
10959,GOURL,6,1998-03-18,1998-04-29,1998-03-23,2,4.98,Gourmet Lanchonetes,"Av. Brasil, 442",Campinas,SP,04876-786,Brazil,75,7.75,20,0.15,2025-02-04 06:32:57.06787,2025-02-04 06:32:57.771296,2025-02-04 06:32:57.090344,,1738650777771,,1738650776894
10960,HILAA,3,1998-03-19,1998-04-02,1998-04-08,1,2.08,HILARION-Abastos,Carrera 22 con Ave. Carlos Soublette #8-35,San Cristóbal,Táchira,5022,Venezuela,41,9.65,24,0.0,2025-02-04 06:32:57.068145,2025-02-04 06:32:57.771944,2025-02-04 06:32:57.090344,,1738650777772,,1738650776894
10961,QUEEN,8,1998-03-19,1998-04-16,1998-03-30,1,104.47,Queen Cozinha,"Alameda dos Canàrios, 891",Sao Paulo,SP,05487-020,Brazil,76,18.0,60,0.0,2025-02-04 06:32:57.068462,2025-02-04 06:32:57.772649,2025-02-04 06:32:57.090344,,1738650777773,,1738650776894
10962,QUICK,8,1998-03-19,1998-04-16,1998-03-23,2,275.79,QUICK-Stop,Taucherstraße 10,Cunewalde,"",01307,Germany,76,18.0,44,0.0,2025-02-04 06:32:57.06916,2025-02-04 06:32:57.774353,2025-02-04 06:32:57.090344,,1738650777774,,1738650776894
10963,FURIB,9,1998-03-19,1998-04-16,1998-03-26,3,2.7,Furia Bacalhau e Frutos do Mar,Jardim das rosas n. 32,Lisboa,"",1675,Portugal,60,34.0,2,0.15,2025-02-04 06:32:57.069293,2025-02-04 06:32:57.774703,2025-02-04 06:32:57.090344,,1738650777775,,1738650776894
10964,SPECD,3,1998-03-20,1998-04-17,1998-03-24,2,87.38,Spécialités du monde,"25, rue Lauriston",Paris,"",75016,France,69,36.0,10,0.0,2025-02-04 06:32:57.069734,2025-02-04 06:32:57.775693,2025-02-04 06:32:57.090344,,1738650777776,,1738650776894
10965,OLDWO,6,1998-03-20,1998-04-17,1998-03-30,3,144.38,Old World Delicatessen,2743 Bering St.,Anchorage,AK,99508,USA,51,53.0,16,0.0,2025-02-04 06:32:57.069866,2025-02-04 06:32:57.776007,2025-02-04 06:32:57.090344,,1738650777776,,1738650776894
10966,CHOPS,4,1998-03-20,1998-04-17,1998-04-08,1,27.19,Chop-suey Chinese,Hauptstr. 31,Bern,"",3012,Switzerland,62,49.3,12,0.15,2025-02-04 06:32:57.070371,2025-02-04 06:32:57.777002,2025-02-04 06:32:57.090344,,1738650777777,,1738650776894
10967,TOMSP,2,1998-03-23,1998-04-20,1998-04-02,2,62.22,Toms Spezialitäten,Luisenstr. 48,Münster,"",44087,Germany,49,20.0,40,0.0,2025-02-04 06:32:57.070734,2025-02-04 06:32:57.777657,2025-02-04 06:32:57.090344,,1738650777778,,1738650776894
10968,ERNSH,1,1998-03-23,1998-04-20,1998-04-01,3,74.6,Ernst Handel,Kirchgasse 6,Graz,"",8010,Austria,64,33.25,4,0.0,2025-02-04 06:32:57.071215,2025-02-04 06:32:57.778759,2025-02-04 06:32:57.090344,,1738650777779,,1738650776894
10969,COMMI,1,1998-03-23,1998-04-20,1998-03-30,2,0.21,Comércio Mineiro,"Av. dos Lusíadas, 23",Sao Paulo,SP,05432-043,Brazil,46,12.0,9,0.0,2025-02-04 06:32:57.071354,2025-02-04 06:32:57.779082,2025-02-04 06:32:57.090344,,1738650777779,,1738650776894
10970,BOLID,9,1998-03-24,1998-04-07,1998-04-24,1,16.16,Bólido Comidas preparadas,"C/ Araquil, 67",Madrid,"",28023,Spain,52,7.0,40,0.2,2025-02-04 06:32:57.071488,2025-02-04 06:32:57.779416,2025-02-04 06:32:57.090344,,1738650777779,,1738650776894
10971,FRANR,2,1998-03-24,1998-04-21,1998-04-02,2,121.82,France restauration,"54, rue Royale",Nantes,"",44000,France,29,123.79,14,0.0,2025-02-04 06:32:57.07162,2025-02-04 06:32:57.779769,2025-02-04 06:32:57.090344,,1738650777780,,1738650776894
10972,LACOR,4,1998-03-24,1998-04-21,1998-03-26,2,0.02,La corne d'abondance,"67, avenue de l'Europe",Versailles,"",78000,France,33,2.5,7,0.0,2025-02-04 06:32:57.071887,2025-02-04 06:32:57.780451,2025-02-04 06:32:57.090344,,1738650777780,,1738650776894
10973,LACOR,6,1998-03-24,1998-04-21,1998-03-27,2,15.17,La corne d'abondance,"67, avenue de l'Europe",Versailles,"",78000,France,75,7.75,10,0.0,2025-02-04 06:32:57.072324,2025-02-04 06:32:57.781473,2025-02-04 06:32:57.090344,,1738650777781,,1738650776894
10974,SPLIR,3,1998-03-25,1998-04-08,1998-04-03,3,12.96,Split Rail Beer & Ale,P.O. Box 555,Lander,WY,82520,USA,63,43.9,10,0.0,2025-02-04 06:32:57.072456,2025-02-04 06:32:57.781803,2025-02-04 06:32:57.090344,,1738650777782,,1738650776894
10975,BOTTM,1,1998-03-25,1998-04-22,1998-03-27,3,32.27,Bottom-Dollar Markets,23 Tsawassen Blvd.,Tsawassen,BC,T2F 8M4,Canada,75,7.75,10,0.0,2025-02-04 06:32:57.072739,2025-02-04 06:32:57.782504,2025-02-04 06:32:57.090344,,1738650777783,,1738650776894
10976,HILAA,1,1998-03-25,1998-05-06,1998-04-03,1,37.97,HILARION-Abastos,Carrera 22 con Ave. Carlos Soublette #8-35,San Cristóbal,Táchira,5022,Venezuela,28,45.6,20,0.0,2025-02-04 06:32:57.07289,2025-02-04 06:32:57.782831,2025-02-04 06:32:57.090344,,1738650777783,,1738650776894
10977,FOLKO,8,1998-03-26,1998-04-23,1998-04-10,3,208.5,Folk och fä HB,Åkergatan 24,Bräcke,"",S-844 67,Sweden,63,43.9,20,0.0,2025-02-04 06:32:57.073425,2025-02-04 06:32:57.784229,2025-02-04 06:32:57.090344,,1738650777784,,1738650776894
10978,MAISD,9,1998-03-26,1998-04-23,1998-04-23,2,32.82,Maison Dewey,Rue Joseph-Bens 532,Bruxelles,"",B-1180,Belgium,44,19.45,6,0.15,2025-02-04 06:32:57.073993,2025-02-04 06:32:57.785553,2025-02-04 06:32:57.090344,,1738650777786,,1738650776894
10979,ERNSH,8,1998-03-26,1998-04-23,1998-03-31,2,353.07,Ernst Handel,Kirchgasse 6,Graz,"",8010,Austria,63,43.9,35,0.0,2025-02-04 06:32:57.074797,2025-02-04 06:32:57.787527,2025-02-04 06:32:57.090344,,1738650777788,,1738650776894
10980,FOLKO,4,1998-03-27,1998-05-08,1998-04-17,1,1.26,Folk och fä HB,Åkergatan 24,Bräcke,"",S-844 67,Sweden,75,7.75,40,0.2,2025-02-04 06:32:57.074929,2025-02-04 06:32:57.787888,2025-02-04 06:32:57.090344,,1738650777788,,1738650776894
10981,HANAR,1,1998-03-27,1998-04-24,1998-04-02,2,193.37,Hanari Carnes,"Rua do Paço, 67",Rio de Janeiro,RJ,05454-876,Brazil,38,263.5,60,0.0,2025-02-04 06:32:57.075063,2025-02-04 06:32:57.788227,2025-02-04 06:32:57.090344,,1738650777788,,1738650776894
10982,BOTTM,2,1998-03-27,1998-04-24,1998-04-08,1,14.01,Bottom-Dollar Markets,23 Tsawassen Blvd.,Tsawassen,BC,T2F 8M4,Canada,43,46.0,9,0.0,2025-02-04 06:32:57.075344,2025-02-04 06:32:57.788954,2025-02-04 06:32:57.090344,,1738650777789,,1738650776894
10983,SAVEA,2,1998-03-27,1998-04-24,1998-04-06,2,657.54,Save-a-lot Markets,187 Suffolk Ln.,Boise,ID,83720,USA,57,19.5,15,0.0,2025-02-04 06:32:57.075662,2025-02-04 06:32:57.789674,2025-02-04 06:32:57.090344,,1738650777790,,1738650776894
10984,SAVEA,1,1998-03-30,1998-04-27,1998-04-03,3,211.22,Save-a-lot Markets,187 Suffolk Ln.,Boise,ID,83720,USA,36,19.0,40,0.0,2025-02-04 06:32:57.076386,2025-02-04 06:32:57.790671,2025-02-04 06:32:57.090344,,1738650777791,,1738650776894
10985,HUNGO,2,1998-03-30,1998-04-27,1998-04-02,1,91.51,Hungry Owl All-Night Grocers,8 Johnstown Road,Cork,Co. Cork,"",Ireland,32,32.0,35,0.1,2025-02-04 06:32:57.076951,2025-02-04 06:32:57.791671,2025-02-04 06:32:57.090344,,1738650777792,,1738650776894
10986,OCEAN,8,1998-03-30,1998-04-27,1998-04-21,2,217.86,Océano Atlántico Ltda.,Ing. Gustavo Moncada 8585 Piso 20-A,Buenos Aires,"",1010,Argentina,77,13.0,15,0.0,2025-02-04 06:32:57.077528,2025-02-04 06:32:57.792981,2025-02-04 06:32:57.090344,,1738650777793,,1738650776894
10987,EASTC,8,1998-03-31,1998-04-28,1998-04-06,1,185.48,Eastern Connection,35 King George,London,"",WX3 6FW,UK,72,34.8,20,0.0,2025-02-04 06:32:57.077905,2025-02-04 06:32:57.794039,2025-02-04 06:32:57.090344,,1738650777794,,1738650776894
10988,RATTC,3,1998-03-31,1998-04-28,1998-04-10,2,61.14,Rattlesnake Canyon Grocery,2817 Milton Dr.,Albuquerque,NM,87110,USA,62,49.3,40,0.1,2025-02-04 06:32:57.078171,2025-02-04 06:32:57.794687,2025-02-04 06:32:57.090344,,1738650777795,,1738650776894
10989,QUEDE,2,1998-03-31,1998-04-28,1998-04-02,1,34.76,Que Delícia,"Rua da Panificadora, 12",Rio de Janeiro,RJ,02389-673,Brazil,41,9.65,4,0.0,2025-02-04 06:32:57.078591,2025-02-04 06:32:57.795674,2025-02-04 06:32:57.090344,,1738650777796,,1738650776894
10990,ERNSH,2,1998-04-01,1998-05-13,1998-04-07,3,117.61,Ernst Handel,Kirchgasse 6,Graz,"",8010,Austria,61,28.5,66,0.15,2025-02-04 06:32:57.079135,2025-02-04 06:32:57.796945,2025-02-04 06:32:57.090344,,1738650777797,,1738650776894
10991,QUICK,1,1998-04-01,1998-04-29,1998-04-07,1,38.51,QUICK-Stop,Taucherstraße 10,Cunewalde,"",01307,Germany,76,18.0,90,0.2,2025-02-04 06:32:57.07956,2025-02-04 06:32:57.797972,2025-02-04 06:32:57.090344,,1738650777798,,1738650776894
10992,THEBI,1,1998-04-01,1998-04-29,1998-04-03,3,4.27,The Big Cheese,89 Jefferson Way Suite 2,Portland,OR,97201,USA,72,34.8,2,0.0,2025-02-04 06:32:57.079743,2025-02-04 06:32:57.798519,2025-02-04 06:32:57.090344,,1738650777799,,1738650776894
10993,FOLKO,7,1998-04-01,1998-04-29,1998-04-10,3,8.81,Folk och fä HB,Åkergatan 24,Bräcke,"",S-844 67,Sweden,41,9.65,35,0.25,2025-02-04 06:32:57.080013,2025-02-04 06:32:57.799561,2025-02-04 06:32:57.090344,,1738650777800,,1738650776894
10994,VAFFE,2,1998-04-02,1998-04-16,1998-04-09,3,65.53,Vaffeljernet,Smagsloget 45,Århus,"",8200,Denmark,59,55.0,18,0.05,2025-02-04 06:32:57.080146,2025-02-04 06:32:57.800025,2025-02-04 06:32:57.090344,,1738650777800,,1738650776894
10995,PERIC,1,1998-04-02,1998-04-30,1998-04-06,3,46.0,Pericles Comidas clásicas,Calle Dr. Jorge Cash 321,México D.F.,"",05033,Mexico,60,34.0,4,0.0,2025-02-04 06:32:57.080432,2025-02-04 06:32:57.800715,2025-02-04 06:32:57.090344,,1738650777801,,1738650776894
10996,QUICK,4,1998-04-02,1998-04-30,1998-04-10,2,1.12,QUICK-Stop,Taucherstraße 10,Cunewalde,"",01307,Germany,42,14.0,40,0.0,2025-02-04 06:32:57.080566,2025-02-04 06:32:57.801125,2025-02-04 06:32:57.090344,,1738650777801,,1738650776894
10997,LILAS,8,1998-04-03,1998-05-15,1998-04-13,2,73.91,LILA-Supermercado,Carrera 52 con Ave. Bolívar #65-98 Llano Largo,Barquisimeto,Lara,3508,Venezuela,52,7.0,20,0.25,2025-02-04 06:32:57.080984,2025-02-04 06:32:57.802655,2025-02-04 06:32:57.090344,,1738650777803,,1738650776894
10998,WOLZA,8,1998-04-03,1998-04-17,1998-04-17,2,20.31,Wolski Zajazd,ul. Filtrowa 68,Warszawa,"",01-012,Poland,75,7.75,30,0.0,2025-02-04 06:32:57.08153,2025-02-04 06:32:57.803971,2025-02-04 06:32:57.090344,,1738650777804,,1738650776894
10999,OTTIK,6,1998-04-03,1998-05-01,1998-04-10,2,96.35,Ottilies Käseladen,Mehrheimerstr. 369,Köln,"",50739,Germany,77,13.0,21,0.05,2025-02-04 06:32:57.081928,2025-02-04 06:32:57.805005,2025-02-04 06:32:57.090344,,1738650777805,,1738650776894
11000,RATTC,2,1998-04-06,1998-05-04,1998-04-14,3,55.12,Rattlesnake Canyon Grocery,2817 Milton Dr.,Albuquerque,NM,87110,USA,77,13.0,30,0.0,2025-02-04 06:32:57.082353,2025-02-04 06:32:57.806048,2025-02-04 06:32:57.090344,,1738650777806,,1738650776894
11001,FOLKO,2,1998-04-06,1998-05-04,1998-04-14,2,197.3,Folk och fä HB,Åkergatan 24,Bräcke,"",S-844 67,Sweden,55,24.0,6,0.0,2025-02-04 06:32:57.082884,2025-02-04 06:32:57.80738,2025-02-04 06:32:57.090344,,1738650777807,,1738650776894
11002,SAVEA,4,1998-04-06,1998-05-04,1998-04-16,1,141.16,Save-a-lot Markets,187 Suffolk Ln.,Boise,ID,83720,USA,55,24.0,40,0.0,2025-02-04 06:32:57.08343,2025-02-04 06:32:57.808678,2025-02-04 06:32:57.090344,,1738650777809,,1738650776894
11003,THECR,3,1998-04-06,1998-05-04,1998-04-08,3,14.91,The Cracker Box,55 Grizzly Peak Rd.,Butte,MT,59801,USA,52,7.0,10,0.0,2025-02-04 06:32:57.083826,2025-02-04 06:32:57.80982,2025-02-04 06:32:57.090344,,1738650777810,,1738650776894
11004,MAISD,3,1998-04-07,1998-05-05,1998-04-20,1,44.84,Maison Dewey,Rue Joseph-Bens 532,Bruxelles,"",B-1180,Belgium,76,18.0,6,0.0,2025-02-04 06:32:57.084105,2025-02-04 06:32:57.810508,2025-02-04 06:32:57.090344,,1738650777811,,1738650776894
11005,WILMK,2,1998-04-07,1998-05-05,1998-04-10,1,0.75,Wilman Kala,Keskuskatu 45,Helsinki,"",21240,Finland,59,55.0,10,0.0,2025-02-04 06:32:57.084371,2025-02-04 06:32:57.811228,2025-02-04 06:32:57.090344,,1738650777811,,1738650776894
11006,GREAL,3,1998-04-07,1998-05-05,1998-04-15,2,25.19,Great Lakes Food Market,2732 Baker Blvd.,Eugene,OR,97403,USA,29,123.79,2,0.25,2025-02-04 06:32:57.084635,2025-02-04 06:32:57.811878,2025-02-04 06:32:57.090344,,1738650777812,,1738650776894
11007,PRINI,8,1998-04-08,1998-05-06,1998-04-13,2,202.24,Princesa Isabel Vinhos,Estrada da saúde n. 58,Lisboa,"",1756,Portugal,42,14.0,14,0.0,2025-02-04 06:32:57.085045,2025-02-04 06:32:57.812936,2025-02-04 06:32:57.090344,,1738650777813,,1738650776894
11008,ERNSH,7,1998-04-08,1998-05-06,"",3,79.46,Ernst Handel,Kirchgasse 6,Graz,"",8010,Austria,71,21.5,21,0.0,2025-02-04 06:32:57.085466,2025-02-04 06:32:57.813973,2025-02-04 06:32:57.090344,,1738650777814,,1738650776894
11009,GODOS,2,1998-04-08,1998-05-06,1998-04-10,1,59.11,Godos Cocina Típica,"C/ Romero, 33",Sevilla,"",41101,Spain,60,34.0,9,0.0,2025-02-04 06:32:57.085874,2025-02-04 06:32:57.814966,2025-02-04 06:32:57.090344,,1738650777815,,1738650776894
11010,REGGC,2,1998-04-09,1998-05-07,1998-04-21,2,28.71,Reggiani Caseifici,Strada Provinciale 124,Reggio Emilia,"",42100,Italy,24,4.5,10,0.0,2025-02-04 06:32:57.086157,2025-02-04 06:32:57.815597,2025-02-04 06:32:57.090344,,1738650777816,,1738650776894
11011,ALFKI,3,1998-04-09,1998-05-07,1998-04-13,1,1.21,Alfred's Futterkiste,Obere Str. 57,Berlin,"",12209,Germany,71,21.5,20,0.0,2025-02-04 06:32:57.086422,2025-02-04 06:32:57.816284,2025-02-04 06:32:57.090344,,1738650777816,,1738650776894
11012,FRANK,1,1998-04-09,1998-04-23,1998-04-17,3,242.95,Frankenversand,Berliner Platz 43,München,"",80805,Germany,71,21.5,60,0.05,2025-02-04 06:32:57.086818,2025-02-04 06:32:57.817317,2025-02-04 06:32:57.090344,,1738650777817,,1738650776894
11013,ROMEY,2,1998-04-09,1998-05-07,1998-04-10,1,32.99,Romero y tomillo,"Gran Vía, 1",Madrid,"",28001,Spain,68,12.5,2,0.0,2025-02-04 06:32:57.087655,2025-02-04 06:32:57.818885,2025-02-04 06:32:57.090344,,1738650777819,,1738650776894
11014,LINOD,2,1998-04-10,1998-05-08,1998-04-15,3,23.6,LINO-Delicateses,Ave. 5 de Mayo Porlamar,I. de Margarita,Nueva Esparta,4980,Venezuela,41,9.65,28,0.1,2025-02-04 06:32:57.087829,2025-02-04 06:32:57.819227,2025-02-04 06:32:57.090344,,1738650777819,,1738650776894
11015,SANTG,2,1998-04-10,1998-04-24,1998-04-20,2,4.62,Santé Gourmet,Erling Skakkes gate 78,Stavern,"",4110,Norway,77,13.0,18,0.0,2025-02-04 06:32:57.088108,2025-02-04 06:32:57.819936,2025-02-04 06:32:57.090344,,1738650777820,,1738650776894
11016,AROUT,9,1998-04-10,1998-05-08,1998-04-13,2,33.8,Around the Horn,Brook Farm Stratford St. Mary,Colchester,Essex,CO7 6JX,UK,36,19.0,16,0.0,2025-02-04 06:32:57.0884,2025-02-04 06:32:57.82062,2025-02-04 06:32:57.090344,,1738650777821,,1738650776894
11017,ERNSH,9,1998-04-13,1998-05-11,1998-04-20,2,754.26,Ernst Handel,Kirchgasse 6,Graz,"",8010,Austria,70,15.0,30,0.0,2025-02-04 06:32:57.088837,2025-02-04 06:32:57.82164,2025-02-04 06:32:57.090344,,1738650777822,,1738650776894
11018,LONEP,4,1998-04-13,1998-05-11,1998-04-16,2,11.65,Lonesome Pine Restaurant,89 Chiaroscuro Rd.,Portland,OR,97219,USA,56,38.0,5,0.0,2025-02-04 06:32:57.089313,2025-02-04 06:32:57.822673,2025-02-04 06:32:57.090344,,1738650777823,,1738650776894
11019,RANCH,6,1998-04-13,1998-05-11,"",3,3.17,Rancho grande,Av. del Libertador 900,Buenos Aires,"",1010,Argentina,49,20.0,2,0.0,2025-02-04 06:32:57.089608,2025-02-04 06:32:57.823382,2025-02-04 06:32:57.090344,,1738650777823,,1738650776894
11020,OTTIK,2,1998-04-14,1998-05-12,1998-04-16,2,43.3,Ottilies Käseladen,Mehrheimerstr. 369,Köln,"",50739,Germany,10,31.0,24,0.15,2025-02-04 06:32:57.089776,2025-02-04 06:32:57.823719,2025-02-04 06:32:57.090344,,1738650777824,,1738650776894
11021,QUICK,3,1998-04-14,1998-05-12,1998-04-21,1,297.18,QUICK-Stop,Taucherstraße 10,Cunewalde,"",01307,Germany,72,34.8,35,0.0,2025-02-04 06:32:57.090863,2025-02-04 06:32:57.825404,2025-02-04 06:32:57.090344,,1738650777825,,1738650776894
11022,HANAR,9,1998-04-14,1998-05-12,1998-05-04,2,6.27,Hanari Carnes,"Rua do Paço, 67",Rio de Janeiro,RJ,05454-876,Brazil,69,36.0,30,0.0,2025-02-04 06:32:57.091311,2025-02-04 06:32:57.826123,2025-02-04 06:32:57.090344,,1738650777826,,1738650776894
11023,BSBEV,1,1998-04-14,1998-04-28,1998-04-24,2,123.83,B's Beverages,Fauntleroy Circus,London,"",EC2 5NT,UK,43,46.0,30,0.0,2025-02-04 06:32:57.091797,2025-02-04 06:32:57.826761,2025-02-04 06:32:57.090344,,1738650777827,,1738650776894
11024,EASTC,4,1998-04-15,1998-05-13,1998-04-20,1,74.36,Eastern Connection,35 King George,London,"",WX3 6FW,UK,71,21.5,50,0.0,2025-02-04 06:32:57.09274,2025-02-04 06:32:57.828194,2025-02-04 06:32:57.090344,,1738650777828,,1738650776894
11025,WARTH,6,1998-04-15,1998-05-13,1998-04-24,3,29.17,Wartian Herkku,Torikatu 38,Oulu,"",90110,Finland,13,6.0,20,0.1,2025-02-04 06:32:57.093195,2025-02-04 06:32:57.828856,2025-02-04 06:32:57.090344,,1738650777829,,1738650776894
11026,FRANS,4,1998-04-15,1998-05-13,1998-04-28,1,47.09,Franchi S.p.A.,Via Monte Bianco 34,Torino,"",10100,Italy,51,53.0,10,0.0,2025-02-04 06:32:57.093676,2025-02-04 06:32:57.829508,2025-02-04 06:32:57.090344,,1738650777830,,1738650776894
11027,BOTTM,1,1998-04-16,1998-05-14,1998-04-20,1,52.52,Bottom-Dollar Markets,23 Tsawassen Blvd.,Tsawassen,BC,T2F 8M4,Canada,62,49.3,21,0.25,2025-02-04 06:32:57.094133,2025-02-04 06:32:57.830227,2025-02-04 06:32:57.090344,,1738650777830,,1738650776894
11028,KOENE,2,1998-04-16,1998-05-14,1998-04-22,1,29.59,Königlich Essen,Maubelstr. 90,Brandenburg,"",14776,Germany,59,55.0,24,0.0,2025-02-04 06:32:57.094612,2025-02-04 06:32:57.830902,2025-02-04 06:32:57.090344,,1738650777831,,1738650776894
11029,CHOPS,4,1998-04-16,1998-05-14,1998-04-27,1,47.84,Chop-suey Chinese,Hauptstr. 31,Bern,"",3012,Switzerland,63,43.9,12,0.0,2025-02-04 06:32:57.095069,2025-02-04 06:32:57.831533,2025-02-04 06:32:57.090344,,1738650777832,,1738650776894
11030,SAVEA,7,1998-04-17,1998-05-15,1998-04-27,2,830.75,Save-a-lot Markets,187 Suffolk Ln.,Boise,ID,83720,USA,59,55.0,100,0.25,2025-02-04 06:32:57.096027,2025-02-04 06:32:57.832888,2025-02-04 06:32:57.090344,,1738650777833,,1738650776894
11031,SAVEA,6,1998-04-17,1998-05-15,1998-04-24,2,227.22,Save-a-lot Markets,187 Suffolk Ln.,Boise,ID,83720,USA,71,21.5,16,0.0,2025-02-04 06:32:57.097245,2025-02-04 06:32:57.834616,2025-02-04 06:32:57.090344,,1738650777835,,1738650776894
11032,WHITC,2,1998-04-17,1998-05-15,1998-04-23,3,606.19,White Clover Markets,1029 - 12th Ave. S.,Seattle,WA,98124,USA,59,55.0,30,0.0,2025-02-04 06:32:57.097822,2025-02-04 06:32:57.835566,2025-02-04 06:32:57.090344,,1738650777836,,1738650776894
11033,RICSU,7,1998-04-17,1998-05-15,1998-04-23,3,84.74,Richter Supermarkt,Starenweg 5,Genève,"",1204,Switzerland,69,36.0,36,0.1,2025-02-04 06:32:57.098335,2025-02-04 06:32:57.836198,2025-02-04 06:32:57.090344,,1738650777836,,1738650776894
11034,OLDWO,8,1998-04-20,1998-06-01,1998-04-27,1,40.32,Old World Delicatessen,2743 Bering St.,Anchorage,AK,99508,USA,61,28.5,6,0.0,2025-02-04 06:32:57.099058,2025-02-04 06:32:57.837233,2025-02-04 06:32:57.090344,,1738650777837,,1738650776894
11035,SUPRD,2,1998-04-20,1998-05-18,1998-04-24,2,0.17,Suprêmes délices,"Boulevard Tirou, 255",Charleroi,"",B-6000,Belgium,54,7.45,10,0.0,2025-02-04 06:32:57.100049,2025-02-04 06:32:57.838614,2025-02-04 06:32:57.090344,,1738650777839,,1738650776894
11036,DRACD,8,1998-04-20,1998-05-18,1998-04-22,3,149.47,Drachenblut Delikatessen,Walserweg 21,Aachen,"",52066,Germany,59,55.0,30,0.0,2025-02-04 06:32:57.100509,2025-02-04 06:32:57.839281,2025-02-04 06:32:57.090344,,1738650777839,,1738650776894
11037,GODOS,7,1998-04-21,1998-05-19,1998-04-27,1,3.2,Godos Cocina Típica,"C/ Romero, 33",Sevilla,"",41101,Spain,70,15.0,4,0.0,2025-02-04 06:32:57.100739,2025-02-04 06:32:57.839622,2025-02-04 06:32:57.090344,,1738650777840,,1738650776894
11038,SUPRD,1,1998-04-21,1998-05-19,1998-04-30,2,29.59,Suprêmes délices,"Boulevard Tirou, 255",Charleroi,"",B-6000,Belgium,71,21.5,30,0.0,2025-02-04 06:32:57.101434,2025-02-04 06:32:57.840605,2025-02-04 06:32:57.090344,,1738650777841,,1738650776894
11039,LINOD,1,1998-04-21,1998-05-19,"",2,65.0,LINO-Delicateses,Ave. 5 de Mayo Porlamar,I. de Margarita,Nueva Esparta,4980,Venezuela,57,19.5,28,0.0,2025-02-04 06:32:57.102161,2025-02-04 06:32:57.841971,2025-02-04 06:32:57.090344,,1738650777842,,1738650776894
11040,GREAL,4,1998-04-22,1998-05-20,"",3,18.84,Great Lakes Food Market,2732 Baker Blvd.,Eugene,OR,97403,USA,21,10.0,20,0.0,2025-02-04 06:32:57.102298,2025-02-04 06:32:57.842288,2025-02-04 06:32:57.090344,,1738650777842,,1738650776894
11041,CHOPS,3,1998-04-22,1998-05-20,1998-04-28,2,48.22,Chop-suey Chinese,Hauptstr. 31,Bern,"",3012,Switzerland,63,43.9,30,0.0,2025-02-04 06:32:57.102571,2025-02-04 06:32:57.842973,2025-02-04 06:32:57.090344,,1738650777843,,1738650776894
11042,COMMI,2,1998-04-22,1998-05-06,1998-05-01,1,29.99,Comércio Mineiro,"Av. dos Lusíadas, 23",Sao Paulo,SP,05432-043,Brazil,61,28.5,4,0.0,2025-02-04 06:32:57.10286,2025-02-04 06:32:57.843627,2025-02-04 06:32:57.090344,,1738650777844,,1738650776894
11043,SPECD,5,1998-04-22,1998-05-20,1998-04-29,2,8.8,Spécialités du monde,"25, rue Lauriston",Paris,"",75016,France,11,21.0,10,0.0,2025-02-04 06:32:57.102994,2025-02-04 06:32:57.843988,2025-02-04 06:32:57.090344,,1738650777844,,1738650776894
11044,WOLZA,4,1998-04-23,1998-05-21,1998-05-01,1,8.72,Wolski Zajazd,ul. Filtrowa 68,Warszawa,"",01-012,Poland,62,49.3,12,0.0,2025-02-04 06:32:57.103128,2025-02-04 06:32:57.844293,2025-02-04 06:32:57.090344,,1738650777844,,1738650776894
11045,BOTTM,6,1998-04-23,1998-05-21,"",2,70.58,Bottom-Dollar Markets,23 Tsawassen Blvd.,Tsawassen,BC,T2F 8M4,Canada,51,53.0,24,0.0,2025-02-04 06:32:57.103397,2025-02-04 06:32:57.844945,2025-02-04 06:32:57.090344,,1738650777845,,1738650776894
11046,WANDK,8,1998-04-23,1998-05-21,1998-04-24,2,71.64,Die Wandernde Kuh,Adenauerallee 900,Stuttgart,"",70563,Germany,35,18.0,18,0.05,2025-02-04 06:32:57.103816,2025-02-04 06:32:57.845961,2025-02-04 06:32:57.090344,,1738650777846,,1738650776894
11047,EASTC,7,1998-04-24,1998-05-22,1998-05-01,3,46.62,Eastern Connection,35 King George,London,"",WX3 6FW,UK,5,21.35,30,0.25,2025-02-04 06:32:57.104081,2025-02-04 06:32:57.846605,2025-02-04 06:32:57.090344,,1738650777847,,1738650776894
11048,BOTTM,7,1998-04-24,1998-05-22,1998-04-30,3,24.12,Bottom-Dollar Markets,23 Tsawassen Blvd.,Tsawassen,BC,T2F 8M4,Canada,68,12.5,42,0.0,2025-02-04 06:32:57.104212,2025-02-04 06:32:57.846924,2025-02-04 06:32:57.090344,,1738650777847,,1738650776894
11049,GOURL,3,1998-04-24,1998-05-22,1998-05-04,1,8.34,Gourmet Lanchonetes,"Av. Brasil, 442",Campinas,SP,04876-786,Brazil,12,38.0,4,0.2,2025-02-04 06:32:57.104478,2025-02-04 06:32:57.847593,2025-02-04 06:32:57.090344,,1738650777848,,1738650776894
11050,FOLKO,8,1998-04-27,1998-05-25,1998-05-05,2,59.41,Folk och fä HB,Åkergatan 24,Bräcke,"",S-844 67,Sweden,76,18.0,50,0.1,2025-02-04 06:32:57.104627,2025-02-04 06:32:57.847899,2025-02-04 06:32:57.090344,,1738650777848,,1738650776894
11052,HANAR,3,1998-04-27,1998-05-25,1998-05-01,1,67.26,Hanari Carnes,"Rua do Paço, 67",Rio de Janeiro,RJ,05454-876,Brazil,61,28.5,10,0.2,2025-02-04 06:32:57.105027,2025-02-04 06:32:57.848897,2025-02-04 06:32:57.090344,,1738650777849,,1738650776894
11053,PICCO,2,1998-04-27,1998-05-25,1998-04-29,2,53.05,Piccolo und mehr,Geislweg 14,Salzburg,"",5020,Austria,64,33.25,25,0.2,2025-02-04 06:32:57.105423,2025-02-04 06:32:57.849969,2025-02-04 06:32:57.090344,,1738650777850,,1738650776894
11054,CACTU,8,1998-04-28,1998-05-26,"",1,0.33,Cactus Comidas para llevar,Cerrito 333,Buenos Aires,"",1010,Argentina,67,14.0,20,0.0,2025-02-04 06:32:57.105705,2025-02-04 06:32:57.850626,2025-02-04 06:32:57.090344,,1738650777851,,1738650776894
11055,HILAA,7,1998-04-28,1998-05-26,1998-05-05,2,120.92,HILARION-Abastos,Carrera 22 con Ave. Carlos Soublette #8-35,San Cristóbal,Táchira,5022,Venezuela,57,19.5,20,0.0,2025-02-04 06:32:57.106236,2025-02-04 06:32:57.851948,2025-02-04 06:32:57.090344,,1738650777852,,1738650776894
11056,EASTC,8,1998-04-28,1998-05-12,1998-05-01,2,278.96,Eastern Connection,35 King George,London,"",WX3 6FW,UK,60,34.0,50,0.0,2025-02-04 06:32:57.106648,2025-02-04 06:32:57.852942,2025-02-04 06:32:57.090344,,1738650777853,,1738650776894
11057,NORTS,3,1998-04-29,1998-05-27,1998-05-01,3,4.13,North/South,South House 300 Queensbridge,London,"",SW7 1RZ,UK,70,15.0,3,0.0,2025-02-04 06:32:57.106781,2025-02-04 06:32:57.85331,2025-02-04 06:32:57.090344,,1738650777853,,1738650776894
11058,BLAUS,9,1998-04-29,1998-05-27,"",3,31.14,Blauer See Delikatessen,Forsterstr. 57,Mannheim,"",68306,Germany,61,28.5,4,0.0,2025-02-04 06:32:57.107181,2025-02-04 06:32:57.85435,2025-02-04 06:32:57.090344,,1738650777854,,1738650776894
11059,RICAR,2,1998-04-29,1998-06-10,"",2,85.8,Ricardo Adocicados,"Av. Copacabana, 267",Rio de Janeiro,RJ,02389-890,Brazil,60,34.0,35,0.0,2025-02-04 06:32:57.107587,2025-02-04 06:32:57.855349,2025-02-04 06:32:57.090344,,1738650777855,,1738650776894
11060,FRANS,2,1998-04-30,1998-05-28,1998-05-04,2,10.98,Franchi S.p.A.,Via Monte Bianco 34,Torino,"",10100,Italy,77,13.0,10,0.0,2025-02-04 06:32:57.107851,2025-02-04 06:32:57.855998,2025-02-04 06:32:57.090344,,1738650777856,,1738650776894
11061,GREAL,4,1998-04-30,1998-06-11,"",3,14.01,Great Lakes Food Market,2732 Baker Blvd.,Eugene,OR,97403,USA,60,34.0,15,0.0,2025-02-04 06:32:57.108004,2025-02-04 06:32:57.856314,2025-02-04 06:32:57.090344,,1738650777856,,1738650776894
11062,REGGC,4,1998-04-30,1998-05-28,"",2,29.93,Reggiani Caseifici,Strada Provinciale 124,Reggio Emilia,"",42100,Italy,70,15.0,12,0.2,2025-02-04 06:32:57.10827,2025-02-04 06:32:57.856978,2025-02-04 06:32:57.090344,,1738650777857,,1738650776894
11063,HUNGO,3,1998-04-30,1998-05-28,1998-05-06,2,81.73,Hungry Owl All-Night Grocers,8 Johnstown Road,Cork,Co. Cork,"",Ireland,41,9.65,30,0.1,2025-02-04 06:32:57.108679,2025-02-04 06:32:57.858069,2025-02-04 06:32:57.090344,,1738650777858,,1738650776894
11064,SAVEA,1,1998-05-01,1998-05-29,1998-05-04,1,30.09,Save-a-lot Markets,187 Suffolk Ln.,Boise,ID,83720,USA,68,12.5,55,0.0,2025-02-04 06:32:57.109392,2025-02-04 06:32:57.85982,2025-02-04 06:32:57.090344,,1738650777860,,1738650776894
11065,LILAS,8,1998-05-01,1998-05-29,"",1,12.91,LILA-Supermercado,Carrera 52 con Ave. Bolívar #65-98 Llano Largo,Barquisimeto,Lara,3508,Venezuela,54,7.45,20,0.25,2025-02-04 06:32:57.109717,2025-02-04 06:32:57.860495,2025-02-04 06:32:57.090344,,1738650777861,,1738650776894
11066,WHITC,7,1998-05-01,1998-05-29,1998-05-04,2,44.72,White Clover Markets,1029 - 12th Ave. S.,Seattle,WA,98124,USA,34,14.0,35,0.0,2025-02-04 06:32:57.110123,2025-02-04 06:32:57.861476,2025-02-04 06:32:57.090344,,1738650777861,,1738650776894
11067,DRACD,1,1998-05-04,1998-05-18,1998-05-06,2,7.98,Drachenblut Delikatessen,Walserweg 21,Aachen,"",52066,Germany,41,9.65,9,0.0,2025-02-04 06:32:57.110259,2025-02-04 06:32:57.861787,2025-02-04 06:32:57.090344,,1738650777862,,1738650776894
11068,QUEEN,8,1998-05-04,1998-06-01,"",2,81.75,Queen Cozinha,"Alameda dos Canàrios, 891",Sao Paulo,SP,05487-020,Brazil,77,13.0,28,0.15,2025-02-04 06:32:57.110658,2025-02-04 06:32:57.862803,2025-02-04 06:32:57.090344,,1738650777863,,1738650776894
11069,TORTU,1,1998-05-04,1998-06-01,1998-05-06,2,15.67,Tortuga Restaurante,Avda. Azteca 123,México D.F.,"",05033,Mexico,39,18.0,20,0.0,2025-02-04 06:32:57.11079,2025-02-04 06:32:57.863153,2025-02-04 06:32:57.090344,,1738650777863,,1738650776894
11070,LEHMS,2,1998-05-05,1998-06-02,"",1,136.0,Lehmanns Marktstand,Magazinweg 7,Frankfurt a.M.,"",60528,Germany,31,12.5,20,0.0,2025-02-04 06:32:57.111339,2025-02-04 06:32:57.864464,2025-02-04 06:32:57.090344,,1738650777864,,1738650776894
11071,LILAS,1,1998-05-05,1998-06-02,"",1,0.93,LILA-Supermercado,Carrera 52 con Ave. Bolívar #65-98 Llano Largo,Barquisimeto,Lara,3508,Venezuela,13,6.0,10,0.05,2025-02-04 06:32:57.111604,2025-02-04 06:32:57.865208,2025-02-04 06:32:57.090344,,1738650777865,,1738650776894
11073,PERIC,2,1998-05-05,1998-06-02,"",2,24.95,Pericles Comidas clásicas,Calle Dr. Jorge Cash 321,México D.F.,"",05033,Mexico,24,4.5,20,0.0,2025-02-04 06:32:57.11241,2025-02-04 06:32:57.867244,2025-02-04 06:32:57.090344,,1738650777867,,1738650776894
11074,SIMOB,7,1998-05-06,1998-06-03,"",2,18.44,Simons bistro,Vinbæltet 34,Kobenhavn,"",1734,Denmark,16,17.45,14,0.05,2025-02-04 06:32:57.112543,2025-02-04 06:32:57.867561,2025-02-04 06:32:57.090344,,1738650777868,,1738650776894
11075,RICSU,8,1998-05-06,1998-06-03,"",2,6.19,Richter Supermarkt,Starenweg 5,Genève,"",1204,Switzerland,76,18.0,2,0.15,2025-02-04 06:32:57.112941,2025-02-04 06:32:57.868575,2025-02-04 06:32:57.090344,,1738650777869,,1738650776894
11076,BONAP,4,1998-05-06,1998-06-03,"",2,38.28,Bon app',"12, rue des Bouchers",Marseille,"",13008,France,19,9.2,10,0.25,2025-02-04 06:32:57.113351,2025-02-04 06:32:57.869653,2025-02-04 06:32:57.090344,,1738650777870,,1738650776894
11077,RATTC,1,1998-05-06,1998-06-03,"",2,8.53,Rattlesnake Canyon Grocery,2817 Milton Dr.,Albuquerque,NM,87110,USA,77,13.0,2,0.0,2025-02-04 06:32:57.116941,2025-02-04 06:32:57.878189,2025-02-04 06:32:57.090344,,1738650777878,,1738650776894
